{
    "loss": 0.6517991423606873,
    "accuracy": 0.931034505367279
}