{
    "loss": 0.6384328603744507,
    "accuracy": 0.9396551847457886
}